RegionID,RegionName,SizeRank,2014-01,2014-02,2014-03,2014-04,2014-05,2014-06,2014-07,2014-08,2014-09,2014-10,2014-11,2014-12,2015-01,2015-02,2015-03,2015-04,2015-05,2015-06,2015-07,2015-08,2015-09,2015-10,2015-11,2015-12,2016-01,2016-02,2016-03,2016-04,2016-05,2016-06,2016-07,2016-08,2016-09,2016-10,2016-11,2016-12,2017-01,2017-02,2017-03,2017-04,2017-05,2017-06,2017-07,2017-08,2017-09,2017-10,2017-11,2017-12,2018-01,2018-02,2018-03,2018-04,2018-05,2018-06,2018-07,2018-08,2018-09,2018-10,2018-11,2018-12,2019-01,2019-02,2019-03,2019-04,2019-05,2019-06,2019-07,2019-08,2019-09,2019-10,2019-11,2019-12,2020-01,2020-02,2020-03,2020-04,2020-05,2020-06,2020-07,2020-08,2020-09,2020-10,2020-11,2020-12,2021-01,2021-02,2021-03,2021-04,2021-05
102001,United States,0,1340,1347,1354,1362,1369,1376,1383,1390,1397,1404,1410,1417,1423,1429,1434,1440,1445,1451,1457,1462,1468,1473,1478,1484,1489,1494,1498,1503,1508,1512,1517,1521,1525,1529,1533,1537,1541,1545,1549,1553,1556,1560,1564,1568,1572,1576,1580,1585,1589,1594,1598,1603,1608,1613,1618,1623,1628,1633,1638,1643,1648,1653,1658,1663,1667,1672,1677,1681,1686,1690,1692,1694,1696,1697,1697,1698,1699,1699,1700,1703,1707,1710,1714,1718,1722,1727,1731,1736,1740
394913,"New York, NY",1,2402,2414,2426,2438,2450,2462,2473,2485,2497,2509,2520,2530,2541,2551,2561,2570,2579,2588,2597,2604,2612,2619,2625,2631,2637,2641,2646,2650,2655,2659,2663,2667,2671,2674,2678,2682,2685,2689,2693,2697,2700,2703,2706,2708,2710,2713,2715,2718,2721,2724,2727,2731,2735,2739,2744,2749,2754,2758,2764,2769,2775,2781,2787,2793,2798,2804,2810,2814,2818,2822,2820,2817,2814,2801,2787,2774,2753,2732,2711,2694,2676,2658,2642,2625,2608,2593,2577,2561,2546
753899,"Los Angeles-Long Beach-Anaheim, CA",2,1755,1772,1788,1805,1821,1837,1853,1869,1885,1900,1914,1927,1941,1952,1964,1975,1986,1998,2009,2021,2032,2044,2056,2068,2080,2091,2102,2113,2123,2134,2144,2154,2163,2173,2182,2192,2201,2211,2220,2229,2238,2247,2255,2263,2271,2279,2287,2294,2302,2310,2318,2327,2335,2344,2352,2360,2368,2376,2384,2391,2398,2406,2413,2420,2426,2433,2440,2445,2451,2456,2458,2460,2461,2461,2460,2459,2458,2456,2455,2456,2457,2459,2461,2463,2465,2467,2470,2472,2475
394463,"Chicago, IL",3,1454,1459,1465,1471,1476,1481,1487,1492,1497,1503,1507,1512,1516,1520,1524,1528,1532,1536,1540,1545,1550,1554,1559,1564,1569,1573,1577,1581,1584,1587,1590,1593,1595,1598,1600,1603,1605,1608,1610,1612,1615,1617,1620,1622,1625,1627,1630,1632,1635,1637,1640,1643,1646,1649,1651,1655,1658,1661,1665,1668,1672,1676,1680,1683,1688,1692,1696,1699,1702,1705,1706,1707,1707,1705,1703,1701,1697,1693,1689,1686,1683,1681,1678,1676,1674,1672,1670,1668,1666
394514,"Dallas-Fort Worth, TX",4,1139,1146,1153,1161,1168,1175,1181,1188,1195,1202,1209,1215,1222,1227,1233,1238,1243,1248,1254,1259,1264,1269,1275,1280,1285,1291,1297,1302,1308,1313,1319,1324,1329,1334,1339,1344,1348,1352,1357,1361,1365,1369,1373,1377,1381,1385,1388,1392,1395,1399,1402,1406,1409,1413,1417,1421,1425,1429,1434,1438,1442,1447,1451,1456,1460,1464,1468,1471,1475,1478,1480,1481,1483,1484,1485,1486,1488,1490,1492,1498,1503,1508,1515,1521,1527,1533,1540,1546,1553
394974,"Philadelphia, PA",5,1310,1315,1319,1324,1328,1333,1337,1341,1346,1350,1354,1358,1362,1365,1368,1371,1375,1378,1382,1386,1389,1393,1397,1400,1404,1408,1411,1415,1419,1422,1426,1429,1433,1436,1439,1441,1444,1446,1448,1450,1452,1454,1456,1459,1461,1463,1467,1470,1473,1477,1481,1484,1489,1493,1498,1502,1507,1511,1515,1520,1524,1529,1533,1537,1542,1546,1550,1554,1557,1561,1563,1565,1567,1569,1570,1572,1574,1576,1578,1582,1586,1591,1595,1600,1604,1609,1614,1619,1625
394692,"Houston, TX",6,1176,1187,1198,1209,1220,1230,1241,1251,1261,1272,1279,1286,1294,1298,1302,1306,1309,1312,1315,1317,1320,1322,1323,1324,1326,1326,1327,1328,1328,1328,1328,1327,1327,1327,1326,1326,1325,1326,1326,1326,1329,1331,1334,1337,1341,1345,1349,1354,1358,1362,1366,1370,1372,1374,1376,1377,1379,1380,1382,1383,1385,1387,1389,1391,1393,1395,1398,1399,1401,1403,1403,1403,1403,1402,1401,1400,1400,1400,1400,1402,1405,1407,1410,1412,1415,1418,1421,1424,1428
395209,"Washington, DC",7,1807,1815,1823,1832,1839,1847,1855,1862,1870,1877,1883,1888,1893,1896,1899,1902,1905,1908,1912,1916,1920,1924,1927,1931,1934,1937,1940,1943,1945,1948,1950,1952,1955,1957,1961,1964,1967,1970,1973,1977,1979,1981,1983,1985,1987,1989,1991,1993,1996,2000,2003,2007,2012,2017,2022,2027,2032,2038,2043,2048,2053,2058,2063,2068,2072,2077,2082,2085,2089,2092,2092,2092,2092,2088,2084,2081,2075,2069,2064,2059,2054,2049,2045,2041,2036,2032,2029,2025,2021
394856,"Miami-Fort Lauderdale, FL",8,1531,1540,1548,1556,1565,1573,1581,1590,1598,1606,1615,1623,1631,1639,1647,1654,1662,1669,1677,1684,1692,1699,1706,1712,1719,1724,1729,1734,1738,1742,1746,1748,1751,1754,1756,1758,1760,1763,1765,1768,1770,1773,1776,1779,1782,1785,1789,1792,1796,1800,1805,1809,1813,1818,1822,1827,1831,1835,1839,1843,1847,1850,1853,1857,1861,1865,1869,1873,1877,1881,1884,1886,1889,1891,1893,1895,1897,1900,1903,1912,1922,1931,1942,1953,1963,1975,1987,1998,2011
394347,"Atlanta, GA",9,1110,1115,1120,1125,1130,1135,1140,1145,1150,1155,1161,1166,1171,1177,1182,1187,1192,1198,1203,1209,1214,1220,1226,1232,1238,1245,1251,1258,1265,1271,1278,1284,1290,1296,1301,1307,1313,1318,1324,1330,1335,1341,1346,1352,1358,1364,1370,1376,1383,1389,1396,1402,1410,1417,1424,1432,1440,1447,1454,1462,1469,1475,1482,1488,1494,1500,1505,1510,1514,1518,1521,1525,1528,1532,1536,1540,1547,1553,1559,1571,1582,1594,1606,1619,1631,1644,1657,1670,1684
394404,"Boston, MA",10,2008,2015,2022,2030,2037,2044,2051,2058,2065,2072,2078,2085,2092,2098,2104,2110,2117,2123,2130,2138,2146,2154,2161,2169,2177,2184,2192,2199,2206,2214,2221,2228,2235,2242,2248,2254,2260,2266,2271,2277,2282,2287,2292,2297,2301,2306,2311,2317,2322,2328,2333,2339,2345,2352,2358,2364,2370,2376,2382,2388,2395,2401,2408,2414,2420,2427,2434,2439,2444,2450,2450,2451,2451,2444,2437,2430,2418,2405,2393,2384,2375,2366,2358,2349,2341,2334,2326,2318,2312
395057,"San Francisco, CA",11,2121,2160,2199,2238,2276,2314,2352,2390,2427,2465,2500,2534,2569,2597,2625,2653,2676,2699,2722,2742,2761,2781,2797,2812,2828,2839,2850,2861,2868,2875,2882,2886,2891,2896,2901,2907,2912,2918,2925,2932,2939,2946,2953,2960,2967,2974,2981,2988,2995,3003,3011,3019,3029,3039,3048,3058,3067,3076,3084,3092,3101,3107,3114,3121,3128,3134,3140,3145,3149,3154,3151,3149,3146,3132,3119,3105,3083,3061,3040,3019,2998,2977,2957,2938,2918,2898,2879,2860,2842
394532,"Detroit, MI",12,1091,1094,1098,1101,1105,1108,1112,1115,1119,1122,1126,1129,1132,1135,1138,1141,1144,1147,1150,1153,1156,1159,1162,1165,1168,1172,1175,1179,1182,1185,1188,1191,1194,1197,1200,1204,1207,1211,1214,1217,1221,1225,1228,1232,1236,1240,1244,1248,1252,1256,1260,1264,1268,1271,1275,1279,1282,1286,1289,1293,1296,1300,1303,1307,1310,1313,1316,1319,1322,1325,1327,1330,1332,1336,1340,1343,1349,1355,1361,1369,1378,1386,1395,1404,1413,1422,1431,1440,1450
395025,"Riverside, CA",13,1442,1449,1457,1465,1472,1480,1488,1495,1503,1511,1518,1525,1532,1539,1546,1552,1559,1566,1573,1580,1587,1593,1600,1607,1614,1621,1627,1634,1641,1648,1655,1662,1670,1677,1685,1693,1701,1709,1717,1726,1734,1742,1750,1759,1767,1775,1784,1792,1801,1810,1819,1827,1836,1845,1853,1861,1869,1877,1884,1892,1899,1906,1913,1921,1928,1936,1943,1950,1957,1964,1971,1978,1984,1994,2004,2014,2028,2042,2057,2078,2100,2122,2145,2168,2191,2215,2239,2263,2287
394976,"Phoenix, AZ",14,963,968,973,978,983,988,993,998,1003,1008,1013,1019,1024,1029,1035,1040,1045,1051,1056,1061,1067,1072,1077,1082,1088,1093,1099,1104,1110,1116,1122,1127,1132,1137,1141,1146,1151,1155,1160,1164,1168,1172,1176,1180,1185,1190,1196,1202,1208,1215,1222,1229,1237,1246,1254,1262,1270,1279,1287,1295,1304,1312,1321,1329,1338,1348,1357,1365,1373,1382,1388,1395,1401,1408,1415,1422,1431,1440,1449,1463,1478,1492,1507,1523,1538,1554,1570,1586,1603
395078,"Seattle, WA",15,1312,1326,1339,1353,1366,1379,1392,1405,1418,1431,1442,1453,1465,1474,1484,1493,1503,1512,1521,1531,1541,1551,1561,1572,1582,1593,1603,1613,1624,1634,1644,1654,1664,1674,1684,1694,1704,1713,1722,1732,1739,1746,1753,1759,1765,1771,1775,1780,1785,1789,1794,1799,1804,1810,1815,1821,1827,1833,1840,1847,1853,1860,1867,1874,1882,1890,1898,1906,1913,1921,1924,1928,1931,1930,1928,1927,1921,1915,1909,1903,1897,1892,1887,1882,1877,1872,1867,1863,1858
394865,"Minneapolis-St Paul, MN",16,1186,1192,1198,1205,1211,1217,1223,1229,1235,1241,1246,1251,1256,1260,1264,1267,1272,1276,1280,1285,1290,1294,1299,1304,1308,1313,1318,1323,1328,1333,1338,1343,1349,1354,1359,1364,1369,1374,1378,1383,1388,1392,1397,1401,1406,1411,1415,1420,1425,1430,1434,1439,1444,1449,1454,1458,1463,1468,1473,1478,1483,1488,1492,1497,1502,1506,1511,1516,1520,1524,1526,1529,1531,1533,1534,1535,1537,1538,1539,1540,1541,1542,1543,1545,1546,1547,1549,1551,1552
395056,"San Diego, CA",17,1636,1649,1662,1675,1688,1700,1713,1726,1739,1752,1763,1775,1787,1797,1807,1817,1826,1834,1843,1851,1860,1868,1877,1886,1895,1905,1914,1923,1932,1941,1950,1959,1968,1976,1985,1993,2002,2011,2019,2028,2036,2044,2052,2060,2067,2075,2083,2091,2099,2108,2116,2125,2133,2141,2149,2156,2162,2169,2175,2181,2186,2192,2197,2203,2209,2215,2221,2227,2233,2239,2242,2246,2250,2254,2258,2262,2268,2274,2280,2292,2303,2314,2326,2339,2351,2364,2376,2389,2403
395121,"St. Louis, MO",18,961,964,968,971,974,977,980,983,986,989,992,995,997,999,1001,1003,1006,1008,1010,1012,1014,1017,1019,1022,1024,1026,1029,1031,1034,1036,1038,1040,1042,1044,1046,1047,1049,1050,1052,1053,1055,1056,1058,1060,1061,1063,1065,1067,1069,1072,1074,1076,1078,1081,1083,1085,1087,1090,1092,1094,1097,1100,1103,1105,1109,1112,1115,1118,1122,1125,1128,1131,1134,1137,1140,1144,1147,1151,1155,1159,1164,1168,1172,1177,1181,1186,1190,1195,1199
395148,"Tampa, FL",19,1090,1095,1100,1105,1110,1115,1120,1125,1130,1135,1140,1145,1149,1154,1159,1164,1169,1174,1179,1184,1189,1194,1200,1205,1211,1216,1222,1227,1232,1237,1242,1247,1251,1256,1260,1265,1269,1274,1278,1283,1287,1292,1297,1302,1307,1312,1318,1323,1329,1335,1340,1346,1351,1357,1362,1367,1372,1376,1381,1386,1391,1396,1401,1406,1411,1416,1422,1426,1431,1436,1440,1444,1449,1453,1458,1463,1470,1478,1485,1497,1509,1521,1534,1547,1561,1574,1588,1602,1616
394358,"Baltimore, MD",20,1439,1446,1454,1461,1468,1476,1483,1489,1496,1503,1508,1513,1517,1520,1522,1524,1526,1528,1530,1532,1535,1537,1538,1540,1542,1543,1544,1545,1546,1546,1546,1546,1547,1547,1547,1548,1549,1550,1551,1552,1553,1555,1556,1557,1559,1560,1561,1563,1564,1566,1567,1569,1571,1573,1575,1578,1581,1584,1587,1590,1593,1596,1599,1602,1604,1607,1610,1612,1613,1615,1615,1614,1614,1615,1615,1615,1617,1619,1621,1628,1634,1640,1647,1654,1661,1668,1676,1683,1691
394530,"Denver, CO",21,1115,1135,1155,1175,1194,1214,1233,1252,1271,1291,1307,1324,1340,1352,1364,1375,1385,1394,1404,1413,1421,1430,1437,1444,1452,1458,1464,1470,1474,1478,1482,1486,1489,1493,1497,1501,1505,1509,1514,1518,1523,1527,1532,1537,1541,1546,1550,1555,1560,1565,1570,1575,1580,1586,1592,1597,1603,1608,1614,1619,1625,1630,1635,1640,1644,1649,1654,1657,1661,1664,1665,1666,1666,1666,1665,1665,1665,1664,1664,1668,1671,1675,1679,1684,1688,1693,1698,1703,1709
394982,"Pittsburgh, PA",22,,1006,1010,1014,1018,1021,1025,1028,1032,1035,1039,1041,1043,1045,1046,1047,1048,1050,1052,1054,1055,1057,1059,1060,1062,1063,1064,1064,1065,1066,1067,1068,1070,1071,1072,1073,1074,1076,1077,1079,1080,1082,1083,1085,1087,1089,1091,1094,1097,1100,1103,1107,1111,1115,1118,1122,1125,1128,1131,1133,1136,1139,1142,1145,1148,1152,1155,1159,1162,1166,1169,1172,1175,1178,1179,1181,1183,1185,1186,1188,1190,1192,1195,1197,1200,1202,1205,1207,1210
394998,"Portland, OR",23,1106,1118,1130,1142,1154,1166,1178,1189,1201,1213,1225,1237,1249,1261,1272,1283,1294,1305,1316,1327,1337,1348,1358,1368,1378,1386,1394,1402,1408,1415,1421,1426,1431,1436,1440,1444,1449,1452,1456,1459,1462,1465,1468,1471,1474,1476,1479,1482,1485,1489,1492,1496,1500,1504,1508,1513,1517,1522,1526,1530,1535,1539,1544,1548,1553,1558,1563,1566,1570,1574,1576,1578,1579,1581,1582,1583,1584,1586,1587,1591,1595,1599,1604,1609,1613,1618,1623,1628,1634
394458,"Charlotte, NC",24,1114,1119,1124,1129,1133,1138,1143,1148,1153,1158,1163,1167,1172,1178,1183,1188,1193,1199,1205,1211,1217,1223,1228,1234,1240,1246,1251,1257,1262,1267,1273,1277,1282,1287,1291,1296,1301,1305,1309,1314,1318,1322,1326,1330,1334,1338,1343,1347,1352,1357,1362,1367,1373,1378,1384,1390,1397,1403,1409,1415,1421,1427,1432,1438,1444,1449,1454,1458,1462,1467,1469,1470,1472,1474,1476,1478,1481,1485,1488,1495,1502,1509,1517,1525,1533,1541,1550,1558,1567
395045,"Sacramento, CA",25,1183,1190,1196,1202,1208,1214,1220,1227,1233,1239,1246,1253,1259,1267,1274,1281,1289,1297,1304,1313,1322,1330,1340,1349,1359,1368,1378,1387,1396,1405,1415,1424,1433,1443,1452,1462,1472,1483,1493,1503,1513,1523,1533,1542,1550,1559,1567,1574,1582,1589,1596,1603,1610,1617,1624,1631,1639,1646,1654,1661,1669,1676,1683,1690,1696,1703,1709,1715,1721,1726,1731,1736,1741,1748,1754,1761,1771,1781,1790,1804,1817,1831,1845,1859,1873,1888,1903,1917,1932
395055,"San Antonio, TX",26,1025,1030,1035,1039,1044,1049,1053,1058,1063,1067,1072,1076,1081,1085,1089,1093,1097,1101,1105,1109,1113,1117,1121,1124,1127,1131,1135,1138,1142,1145,1149,1152,1155,1158,1161,1164,1167,1169,1172,1174,1176,1178,1181,1183,1185,1187,1189,1192,1194,1197,1200,1203,1207,1210,1213,1217,1220,1223,1226,1230,1233,1237,1241,1245,1249,1252,1256,1259,1263,1266,1267,1269,1271,1272,1273,1274,1276,1277,1279,1283,1287,1291,1295,1300,1304,1309,1314,1319,1324
394943,"Orlando, FL",27,1162,1166,1171,1176,1181,1185,1190,1195,1199,1204,1209,1213,1218,1223,1228,1233,1238,1243,1249,1254,1260,1266,1271,1277,1283,1288,1293,1299,1304,1309,1314,1320,1325,1330,1335,1341,1346,1352,1358,1363,1370,1376,1382,1389,1396,1403,1410,1418,1425,1432,1439,1446,1453,1460,1466,1472,1478,1483,1489,1494,1499,1504,1509,1514,1519,1523,1528,1531,1535,1538,1540,1541,1543,1544,1545,1547,1549,1551,1553,1559,1564,1570,1577,1584,1590,1597,1605,1612,1619
394466,"Cincinnati, OH",28,966,969,971,974,976,979,981,984,986,989,992,995,998,1002,1005,1009,1013,1017,1021,1025,1028,1032,1036,1039,1042,1045,1048,1050,1053,1056,1059,1063,1066,1070,1073,1077,1081,1085,1088,1092,1095,1099,1102,1105,1108,1111,1114,1118,1121,1124,1128,1132,1136,1141,1145,1150,1155,1160,1165,1171,1176,1182,1187,1192,1197,1202,1207,1212,1216,1221,1225,1229,1232,1236,1240,1244,1249,1254,1260,1266,1273,1280,1286,1293,1300,1307,1314,1322,1329
394475,"Cleveland, OH",29,983,986,989,992,995,998,1001,1004,1007,1011,1014,1018,1022,1026,1030,1034,1038,1041,1045,1048,1052,1055,1059,1063,1067,1071,1076,1080,1082,1084,1086,1086,1086,1086,1085,1084,1083,1081,1080,1079,1080,1081,1082,1084,1085,1087,1089,1091,1093,1096,1099,1101,1104,1107,1110,1113,1117,1120,1123,1126,1129,1131,1133,1136,1137,1139,1141,1143,1145,1147,1149,1151,1153,1156,1159,1162,1166,1170,1174,1179,1185,1190,1196,1202,1207,1213,1219,1225,1231
394735,"Kansas City, MO",30,897,900,904,908,911,914,918,921,925,928,931,934,937,939,941,943,946,949,952,955,958,961,964,967,970,973,977,980,983,986,989,992,996,999,1002,1005,1008,1011,1014,1017,1019,1022,1025,1027,1030,1033,1035,1038,1041,1044,1046,1049,1051,1054,1056,1059,1061,1064,1067,1069,1072,1075,1078,1081,1084,1088,1091,1094,1098,1102,1105,1109,1112,1117,1121,1125,1130,1135,1140,1145,1150,1155,1160,1165,1171,1176,1181,1186,1192
394775,"Las Vegas, NV",31,1026,1029,1032,1035,1038,1042,1045,1048,1051,1055,1058,1062,1065,1069,1072,1076,1080,1084,1088,1092,1097,1101,1105,1110,1114,1119,1123,1128,1132,1137,1141,1145,1150,1154,1159,1163,1168,1173,1178,1183,1189,1194,1200,1206,1212,1218,1225,1231,1238,1246,1253,1260,1268,1275,1283,1290,1298,1305,1312,1320,1327,1334,1340,1347,1353,1359,1365,1370,1374,1379,1382,1385,1388,1392,1396,1400,1407,1414,1421,1433,1446,1458,1471,1485,1498,1512,1526,1540,1554
394492,"Columbus, OH",32,968,972,975,979,983,987,991,994,998,1002,1006,1010,1014,1018,1022,1026,1030,1034,1037,1041,1045,1049,1053,1057,1061,1064,1067,1070,1073,1075,1078,1081,1084,1086,1090,1093,1096,1099,1103,1106,1110,1114,1117,1121,1125,1129,1134,1138,1142,1146,1151,1155,1160,1164,1168,1172,1176,1180,1184,1188,1191,1195,1199,1203,1207,1210,1214,1218,1222,1225,1229,1232,1236,1240,1245,1249,1255,1260,1266,1272,1279,1285,1292,1299,1305,1312,1319,1325,1332
394705,"Indianapolis, IN",33,978,981,983,986,988,991,993,996,998,1001,1003,1006,1008,1010,1012,1014,1017,1020,1022,1025,1028,1031,1034,1038,1041,1044,1047,1050,1052,1054,1056,1058,1060,1062,1064,1066,1069,1071,1073,1076,1079,1082,1085,1089,1092,1095,1098,1102,1105,1108,1111,1114,1117,1120,1123,1127,1130,1133,1137,1142,1146,1150,1154,1158,1163,1167,1171,1175,1179,1183,1188,1192,1196,1202,1207,1213,1219,1226,1233,1241,1249,1257,1265,1273,1282,1290,1298,1307,1315
395059,"San Jose, CA",34,2071,2117,2164,2210,2254,2299,2343,2387,2430,2474,2511,2548,2586,2613,2640,2667,2690,2712,2735,2753,2771,2790,2802,2815,2828,2834,2841,2848,2851,2855,2858,2860,2863,2865,2869,2872,2875,2880,2886,2891,2898,2906,2913,2921,2930,2939,2949,2959,2970,2981,2992,3003,3013,3024,3034,3044,3053,3063,3071,3079,3087,3094,3100,3107,3114,3121,3128,3134,3139,3145,3143,3142,3140,3129,3118,3107,3090,3072,3055,3037,3019,3001,2984,2967,2950,2934,2918,2901,2886
394355,"Austin, TX",35,1171,1181,1190,1199,1207,1216,1225,1234,1242,1251,1258,1266,1274,1280,1285,1291,1297,1303,1308,1314,1319,1325,1329,1334,1339,1342,1346,1349,1352,1354,1357,1359,1361,1363,1365,1367,1368,1370,1371,1372,1373,1374,1375,1376,1377,1378,1380,1382,1384,1388,1392,1397,1402,1407,1413,1418,1424,1429,1435,1440,1446,1451,1456,1462,1467,1472,1478,1482,1486,1490,1490,1491,1491,1490,1488,1486,1484,1482,1480,1484,1487,1490,1495,1500,1504,1510,1515,1521,1527
395194,"Virginia Beach, VA",36,1131,1135,1139,1142,1146,1150,1153,1157,1160,1163,1166,1169,1171,1173,1174,1176,1178,1179,1181,1183,1184,1186,1188,1190,1191,1192,1193,1195,1196,1197,1198,1199,1200,1201,1203,1204,1206,1208,1210,1212,1213,1215,1217,1219,1220,1222,1224,1225,1227,1229,1231,1233,1235,1237,1240,1243,1245,1248,1251,1254,1257,1260,1263,1267,1270,1273,1276,1279,1282,1284,1287,1289,1291,1295,1299,1303,1308,1314,1320,1328,1337,1346,1355,1364,1373,1383,1392,1402,1412
394902,"Nashville, TN",37,1135,1148,1161,1173,1185,1198,1210,1222,1234,1246,1256,1266,1277,1284,1291,1298,1305,1312,1318,1326,1333,1340,1347,1354,1362,1369,1376,1383,1388,1394,1400,1405,1409,1414,1418,1422,1426,1429,1433,1436,1439,1442,1445,1447,1450,1453,1456,1458,1461,1465,1468,1471,1475,1479,1483,1488,1492,1496,1501,1505,1510,1515,1520,1525,1531,1537,1544,1549,1555,1561,1564,1568,1572,1574,1576,1578,1580,1581,1583,1588,1592,1597,1602,1608,1613,1619,1625,1630,1637
395005,"Providence, RI",38,1099,1106,1113,1120,1127,1133,1140,1147,1153,1160,1166,1171,1177,1182,1187,1192,1197,1203,1208,1214,1219,1225,1229,1234,1239,1243,1248,1252,1256,1261,1265,1270,1275,1279,1284,1289,1294,1298,1302,1306,1310,1314,1318,1322,1327,1331,1337,1343,1348,1355,1361,1367,1372,1377,1382,1386,1390,1394,1399,1403,1407,1412,1416,1421,1427,1432,1437,1442,1448,1453,1457,1462,1467,1473,1479,1485,1495,1504,1514,1527,1540,1553,1567,1580,1594,1608,1621,1635,1650
394862,"Milwaukee, WI",39,969,974,979,983,988,992,997,1001,1006,1010,1014,1017,1021,1023,1026,1028,1030,1032,1035,1037,1039,1041,1043,1045,1047,1048,1050,1051,1053,1054,1056,1057,1059,1060,1061,1063,1064,1065,1066,1068,1069,1070,1072,1073,1075,1077,1078,1080,1081,1083,1085,1087,1089,1091,1093,1095,1098,1100,1102,1105,1107,1110,1112,1115,1117,1120,1122,1124,1126,1129,1130,1132,1134,1137,1139,1141,1143,1146,1148,1151,1154,1157,1160,1163,1166,1169,1173,1176,1179
394714,"Jacksonville, FL",40,1055,1057,1059,1061,1063,1065,1067,1068,1070,1072,1075,1077,1079,1082,1085,1088,1091,1094,1097,1100,1104,1107,1111,1114,1118,1121,1124,1128,1131,1134,1137,1140,1143,1146,1150,1153,1157,1161,1165,1169,1173,1178,1182,1187,1191,1196,1201,1206,1211,1216,1221,1226,1231,1235,1240,1244,1248,1253,1257,1261,1265,1269,1273,1277,1280,1284,1287,1291,1294,1297,1300,1302,1305,1309,1312,1316,1321,1327,1332,1342,1351,1361,1371,1382,1392,1403,1414,1424,1435
394849,"Memphis, TN",41,1055,1058,1061,1065,1068,1071,1074,1077,1080,1083,1085,1088,1090,1091,1093,1094,1095,1097,1098,1100,1101,1103,1105,1107,1109,1111,1114,1116,1118,1120,1122,1124,1125,1127,1129,1130,1132,1134,1135,1137,1139,1140,1142,1145,1147,1150,1153,1156,1159,1163,1166,1170,1173,1177,1180,1184,1188,1191,1195,1199,1203,1207,1210,1214,1218,1222,1226,1231,1235,1240,1246,1251,1257,1265,1273,1281,1291,1300,1310,1321,1333,1344,1356,1368,1380,1392,1404,1417,1429
394935,"Oklahoma City, OK",42,959,962,966,970,974,978,982,985,989,992,995,998,1001,1002,1004,1006,1006,1007,1008,1008,1009,1009,1009,1009,1009,1009,1009,1008,1007,1007,1006,1006,1006,1005,1005,1005,1005,1006,1007,1008,1009,1011,1012,1014,1015,1016,1018,1019,1021,1022,1024,1026,1028,1030,1033,1035,1038,1041,1045,1048,1052,1055,1058,1061,1064,1066,1069,1071,1073,1075,1076,1077,1078,1080,1081,1083,1086,1089,1092,1097,1101,1106,1111,1116,1121,1126,1131,1136,1141
394807,"Louisville-Jefferson County, KY",43,826,832,838,844,849,855,861,866,872,877,882,886,891,894,897,899,902,904,906,908,910,912,915,917,920,923,927,930,934,937,941,945,948,952,955,958,962,964,967,970,972,975,977,980,982,984,986,988,991,993,995,998,1001,1004,1006,1009,1012,1015,1017,1020,1022,1025,1027,1029,1032,1034,1036,1038,1041,1043,1045,1048,1051,1054,1057,1061,1065,1068,1072,1076,1081,1085,1089,1093,1098,1102,1107,1111,1115
394669,"Hartford, CT",44,1151,1159,1167,1174,1182,1189,1196,1203,1210,1217,1223,1228,1234,1236,1239,1242,1244,1245,1247,1249,1251,1253,1255,1258,1260,1262,1264,1266,1268,1270,1272,1274,1276,1278,1280,1282,1284,1287,1289,1291,1293,1294,1296,1298,1300,1302,1304,1306,1308,1310,1313,1316,1319,1323,1327,1330,1333,1337,1339,1342,1345,1347,1349,1352,1354,1356,1358,1360,1362,1364,1367,1370,1372,1376,1381,1385,1390,1396,1402,1409,1417,1424,1432,1440,1448,1456,1464,1472,1480
395022,"Richmond, VA",45,,1040,1045,1049,1053,1057,1061,1065,1069,1073,1077,1080,1083,1086,1089,1091,1093,1096,1098,1101,1103,1106,1109,1112,1115,1118,1122,1125,1128,1130,1133,1135,1137,1139,1141,1143,1145,1148,1151,1154,1156,1160,1164,1167,1172,1176,1180,1184,1188,1191,1195,1199,1203,1207,1211,1215,1218,1222,1226,1229,1233,1237,1240,1244,1247,1251,1255,1259,1263,1266,1270,1273,1276,1280,1284,1288,1291,1296,1301,1305,1311,1317,1323,1329,1335,1341,1347,1353,1359
394910,"New Orleans, LA",46,1012,1020,1027,1035,1042,1049,1057,1064,1071,1078,1083,1088,1093,1096,1098,1101,1104,1106,1109,1111,1113,1115,1116,1118,1119,1121,1123,1125,1128,1130,1132,1134,1137,1139,1141,1143,1145,1147,1149,1151,1152,1153,1154,1154,1155,1155,1156,1157,1159,1160,1161,1162,1163,1164,1165,1166,1167,1168,1170,1171,1172,1174,1177,1179,1182,1185,1188,1191,1194,1197,1199,1201,1203,1205,1206,1208,1211,1213,1216,1222,1229,1235,1242,1248,1255,1262,1269,1276,1284
394425,"Buffalo, NY",47,874,877,880,883,886,889,892,895,898,902,905,909,912,916,921,925,929,933,937,940,944,947,950,953,957,959,962,965,968,971,974,977,981,984,987,990,993,996,998,1001,1003,1005,1007,1010,1012,1014,1016,1019,1021,1024,1027,1030,1033,1037,1040,1043,1046,1049,1051,1054,1057,1060,1062,1065,1067,1070,1073,1076,1079,1083,1086,1090,1093,1097,1101,1106,1110,1115,1119,1125,1130,1136,1142,1147,1153,1159,1165,1171,1177
395012,"Raleigh, NC",48,1154,1158,1162,1166,1169,1173,1177,1181,1185,1189,1194,1198,1202,1206,1210,1214,1218,1222,1225,1229,1233,1236,1240,1244,1248,1253,1257,1261,1265,1269,1273,1277,1280,1284,1287,1290,1293,1296,1299,1301,1304,1307,1309,1312,1315,1318,1321,1324,1327,1330,1334,1337,1341,1345,1349,1354,1358,1363,1368,1373,1378,1384,1389,1394,1399,1405,1410,1414,1418,1421,1423,1424,1426,1428,1429,1430,1433,1436,1439,1445,1452,1459,1466,1474,1482,1490,1498,1506,1515
394388,"Birmingham, AL",49,937,940,943,946,949,952,955,958,961,964,966,969,971,973,975,976,978,980,982,984,986,988,990,991,993,995,996,998,999,1000,1001,1002,1003,1003,1005,1006,1007,1009,1011,1013,1016,1018,1020,1022,1024,1026,1028,1030,1032,1034,1036,1038,1040,1043,1046,1050,1054,1058,1062,1066,1070,1073,1076,1080,1082,1085,1087,1089,1091,1093,1095,1098,1100,1104,1108,1112,1117,1122,1127,1133,1138,1144,1149,1155,1161,1167,1172,1178,1184
395053,"Salt Lake City, UT",50,1018,1024,1030,1036,1041,1047,1052,1058,1063,1069,1074,1078,1083,1087,1090,1094,1098,1102,1106,1111,1116,1121,1126,1131,1136,1141,1146,1151,1156,1161,1165,1170,1175,1179,1184,1189,1194,1200,1205,1210,1214,1219,1224,1229,1234,1239,1244,1249,1255,1260,1265,1270,1276,1282,1287,1293,1299,1304,1310,1315,1320,1325,1330,1335,1339,1344,1348,1351,1354,1357,1358,1360,1361,1363,1364,1366,1369,1373,1376,1384,1391,1399,1407,1416,1424,1433,1442,1451,1461
395031,"Rochester, NY",51,965,969,972,976,980,984,987,991,995,998,1001,1005,1008,1010,1013,1015,1019,1022,1025,1028,1031,1033,1036,1038,1041,1043,1046,1048,1050,1052,1054,1056,1058,1061,1064,1066,1069,1072,1074,1077,1080,1083,1086,1089,1092,1095,1098,1102,1105,1108,1111,1115,1117,1120,1123,1125,1128,1130,1132,1135,1137,1139,1141,1143,1145,1147,1149,1151,1154,1156,1158,1160,1163,1166,1170,1174,1180,1186,1192,1201,1210,1219,1228,1238,1248,1258,1267,1277,1288
394640,"Grand Rapids, MI",52,868,874,880,886,893,899,905,911,917,923,929,934,940,946,951,957,963,969,974,981,988,994,1002,1009,1017,1024,1031,1038,1045,1052,1058,1065,1071,1077,1083,1089,1095,1100,1106,1111,1115,1120,1124,1128,1132,1136,1140,1144,1148,1152,1157,1161,1166,1170,1175,1180,1185,1190,1195,1199,1204,1209,1213,1218,1222,1226,1231,1235,1239,1243,1247,1250,1254,1258,1262,1266,1271,1276,1280,1287,1293,1300,1307,1314,1321,1328,1335,1343,1350
395167,"Tucson, AZ",53,914,915,916,918,919,920,922,923,925,926,927,929,930,932,933,935,937,939,940,943,945,947,949,952,954,956,959,961,964,967,970,973,976,980,984,988,992,996,1000,1004,1007,1011,1015,1019,1023,1026,1031,1035,1040,1045,1050,1055,1061,1067,1073,1078,1084,1090,1096,1101,1107,1112,1118,1124,1129,1135,1140,1145,1150,1155,1159,1164,1168,1174,1180,1185,1193,1201,1209,1221,1233,1245,1257,1269,1282,1294,1307,1320,1333
753924,"Urban Honolulu, HI",54,1652,1678,1703,1729,1753,1777,1802,1826,1850,1873,1892,1911,1931,1941,1952,1962,1968,1975,1981,1986,1991,1996,2001,2006,2011,2016,2020,2024,2027,2031,2034,2036,2039,2042,2043,2045,2047,2048,2050,2051,2053,2055,2058,2060,2062,2064,2066,2068,2070,2074,2077,2080,2083,2086,2089,2093,2096,2100,2103,2107,2110,2113,2117,2120,2123,2126,2129,2132,2134,2136,2137,2137,2138,2137,2137,2136,2136,2136,2136,2140,2145,2150,2156,2162,2169,2175,2182,2189,2197
395169,"Tulsa, OK",55,920,926,931,937,942,947,952,958,963,968,972,977,981,984,986,989,990,992,994,995,997,998,999,1001,1002,1003,1004,1006,1007,1007,1008,1009,1010,1010,1010,1011,1011,1011,1011,1011,1012,1013,1013,1014,1015,1016,1018,1019,1020,1022,1023,1025,1026,1028,1030,1031,1033,1035,1037,1039,1041,1044,1046,1049,1052,1055,1059,1062,1065,1069,1072,1075,1079,1082,1086,1090,1094,1098,1102,1110,1117,1124,1131,1139,1146,1154,1162,1170,1178
394619,"Fresno, CA",56,1112,1118,1123,1128,1133,1138,1143,1148,1153,1158,1161,1165,1169,1172,1175,1179,1182,1186,1189,1194,1198,1202,1206,1211,1215,1220,1225,1230,1234,1239,1243,1247,1252,1256,1261,1267,1272,1278,1283,1289,1295,1300,1306,1311,1317,1322,1327,1332,1337,1343,1348,1354,1361,1368,1375,1382,1390,1397,1404,1411,1418,1425,1432,1439,1446,1453,1460,1467,1473,1480,1486,1492,1498,1505,1513,1520,1528,1536,1545,1559,1573,1587,1603,1618,1634,1650,1666,1682,1698
395238,"Worcester, MA",57,1045,1050,1055,1060,1065,1070,1074,1079,1084,1089,1093,1098,1102,1106,1110,1114,1117,1121,1124,1128,1131,1135,1139,1144,1149,1154,1159,1165,1171,1177,1183,1189,1195,1202,1207,1213,1219,1223,1228,1232,1237,1241,1245,1250,1254,1259,1264,1269,1275,1281,1288,1295,1301,1308,1315,1321,1327,1333,1339,1344,1350,1356,1361,1367,1373,1379,1385,1391,1397,1403,1408,1414,1419,1423,1428,1433,1439,1445,1451,1459,1467,1475,1483,1492,1500,1508,1517,1526,1534
394415,"Stamford, CT",58,1689,1704,1719,1734,1748,1762,1777,1791,1805,1819,1828,1838,1847,1853,1858,1863,1867,1871,1875,1878,1881,1884,1887,1891,1894,1897,1899,1902,1905,1908,1911,1914,1918,1921,1924,1927,1930,1933,1936,1939,1941,1944,1946,1948,1951,1953,1956,1960,1963,1967,1972,1976,1981,1986,1991,1996,2001,2006,2010,2015,2019,2024,2029,2034,2039,2043,2047,2052,2056,2060,2064,2068,2072,2078,2084,2090,2100,2110,2119,2133,2146,2159,2173,2187,2201,2215,2229,2243,2258
394312,"Albuquerque, NM",59,944,947,950,953,956,959,961,964,967,970,973,976,978,981,983,985,987,989,991,993,995,997,999,1001,1004,1006,1008,1010,1012,1014,1016,1018,1020,1022,1024,1026,1028,1029,1031,1033,1035,1037,1039,1041,1043,1046,1048,1051,1053,1056,1059,1062,1065,1068,1071,1074,1077,1080,1083,1087,1090,1094,1099,1103,1107,1112,1117,1122,1126,1131,1135,1138,1142,1147,1152,1157,1163,1170,1176,1186,1196,1206,1217,1228,1239,1250,1261,1272,1284
394308,"Albany, NY",60,1040,1046,1053,1059,1065,1070,1076,1082,1087,1093,1096,1100,1103,1104,1106,1107,1108,1110,1111,1113,1115,1118,1120,1123,1125,1128,1131,1134,1138,1142,1146,1150,1153,1156,1159,1162,1165,1166,1168,1170,1170,1169,1169,1170,1170,1171,1173,1176,1179,1182,1186,1190,1195,1200,1205,1208,1210,1213,1214,1216,1217,1218,1220,1221,1223,1225,1227,1231,1234,1237,1240,1243,1246,1248,1251,1253,1256,1260,1263,1268,1273,1278,1283,1289,1294,1299,1305,1311,1316
394938,"Omaha, NE",61,832,837,841,846,850,855,859,864,869,873,878,883,889,892,896,899,902,905,908,910,912,914,917,919,921,924,927,930,933,936,939,942,944,947,950,952,955,957,959,962,964,966,968,970,972,974,976,978,979,981,984,986,988,991,993,996,999,1001,1004,1007,1010,1014,1017,1020,1023,1026,1030,1034,1037,1041,1045,1049,1053,1057,1061,1065,1069,1073,1077,1082,1086,1091,1095,1100,1105,1109,1114,1118,1123
394908,"New Haven, CT",62,1163,1170,1178,1186,1193,1200,1207,1214,1221,1228,1233,1238,1244,1247,1249,1252,1254,1257,1259,1261,1263,1266,1269,1271,1274,1277,1279,1282,1285,1287,1290,1292,1294,1297,1299,1301,1303,1305,1307,1310,1312,1315,1317,1320,1322,1325,1327,1330,1333,1336,1339,1343,1347,1351,1354,1358,1362,1365,1369,1372,1375,1378,1380,1383,1386,1389,1392,1395,1399,1403,1407,1411,1415,1421,1426,1431,1437,1443,1449,1457,1464,1471,1479,1487,1495,1503,1511,1519,1528
394357,"Bakersfield, CA",63,982,987,991,996,1000,1005,1009,1013,1018,1022,1025,1029,1032,1034,1036,1038,1039,1040,1042,1042,1043,1044,1045,1047,1048,1051,1053,1055,1058,1061,1064,1067,1071,1074,1077,1080,1083,1086,1088,1091,1094,1097,1100,1103,1106,1109,1113,1117,1120,1124,1128,1133,1137,1142,1146,1151,1156,1161,1166,1171,1177,1182,1187,1192,1197,1202,1208,1213,1218,1223,1229,1234,1240,1247,1255,1262,1271,1279,1288,1298,1309,1319,1330,1341,1352,1364,1375,1386,1397
394753,"Knoxville, TN",64,983,987,991,996,1000,1004,1009,1013,1017,1022,1025,1029,1033,1035,1038,1040,1042,1043,1045,1046,1047,1048,1051,1053,1055,1059,1062,1066,1069,1073,1076,1080,1084,1088,1091,1095,1098,1102,1105,1108,1112,1116,1119,1123,1126,1130,1134,1138,1141,1146,1151,1155,1161,1166,1171,1177,1183,1189,1194,1199,1204,1209,1213,1218,1222,1227,1232,1236,1240,1244,1247,1251,1255,1260,1266,1271,1279,1286,1293,1304,1315,1326,1337,1348,1360,1371,1383,1395,1407
394653,"Greenville, SC",65,954,958,961,964,968,971,974,978,981,985,988,992,996,1000,1004,1008,1013,1017,1022,1027,1033,1038,1044,1049,1054,1058,1062,1066,1068,1071,1073,1075,1076,1078,1079,1081,1083,1085,1088,1091,1094,1097,1100,1103,1107,1110,1113,1116,1119,1123,1127,1130,1134,1138,1142,1146,1150,1154,1157,1161,1165,1169,1172,1176,1180,1184,1187,1191,1194,1198,1200,1202,1204,1205,1206,1208,1210,1213,1215,1222,1228,1234,1241,1248,1255,1263,1270,1278,1285
394952,"Ventura, CA",66,1936,1950,1963,1976,1988,2001,2014,2026,2039,2052,2063,2074,2085,2094,2103,2113,2120,2128,2136,2143,2151,2158,2167,2175,2184,2193,2203,2212,2223,2233,2243,2253,2264,2274,2283,2293,2302,2309,2317,2324,2331,2338,2345,2352,2359,2366,2374,2382,2390,2399,2409,2419,2429,2439,2449,2458,2467,2477,2485,2493,2501,2506,2512,2518,2523,2529,2534,2538,2543,2547,2550,2553,2557,2562,2568,2573,2583,2593,2603,2620,2638,2655,2674,2693,2711,2731,2751,2770,2791
394318,"Allentown, PA",67,1131,1136,1142,1147,1151,1156,1161,1166,1170,1175,1178,1181,1184,1187,1189,1191,1194,1197,1200,1204,1207,1211,1214,1218,1221,1224,1227,1230,1233,1235,1238,1240,1243,1245,1248,1251,1253,1257,1260,1263,1266,1270,1273,1276,1279,1282,1285,1288,1292,1295,1298,1301,1305,1308,1312,1316,1320,1324,1328,1333,1337,1341,1346,1350,1354,1359,1363,1366,1370,1373,1376,1379,1382,1386,1391,1395,1403,1412,1420,1433,1445,1458,1472,1485,1499,1513,1527,1541,1555
394561,"El Paso, TX",68,988,989,990,991,992,994,995,996,997,998,999,1000,1001,1001,1002,1003,1003,1004,1004,1005,1005,1006,1006,1007,1007,1007,1008,1008,1009,1010,1011,1012,1013,1013,1014,1014,1014,1014,1014,1014,1014,1014,1014,1014,1014,1014,1015,1016,1017,1018,1020,1021,1023,1025,1026,1028,1030,1032,1034,1035,1037,1040,1043,1045,1048,1052,1055,1059,1063,1067,1071,1075,1080,1084,1089,1093,1099,1105,1110,1117,1124,1131,1138,1145,1152,1159,1167,1174,1181
394367,"Baton Rouge, LA",69,1002,1012,1022,1032,1042,1052,1062,1071,1081,1090,1097,1105,1112,1115,1118,1121,1123,1126,1129,1132,1135,1138,1140,1143,1146,1150,1154,1158,1163,1168,1173,1176,1180,1184,1186,1189,1191,1191,1191,1191,1189,1188,1186,1184,1182,1180,1179,1179,1178,1179,1179,1179,1179,1180,1180,1180,1180,1180,1180,1180,1180,1180,1180,1180,1180,1180,1180,1180,1179,1179,1179,1180,1180,1182,1184,1186,1189,1191,1194,1198,1202,1206,1210,1214,1218,1222,1226,1230,1235
394521,"Dayton, OH",70,,802,803,804,805,806,808,809,810,811,813,814,816,817,819,822,824,827,830,833,836,839,842,844,846,849,850,852,854,857,859,861,863,866,868,871,874,877,880,882,885,888,891,894,896,899,901,904,907,910,912,915,918,921,923,926,929,933,936,940,944,947,952,956,960,964,968,973,976,980,983,987,990,994,997,1001,1005,1010,1015,1021,1027,1033,1040,1046,1053,1059,1066,1072,1079
394486,"Columbia, SC",72,,936,940,944,948,951,954,957,960,963,967,968,970,972,972,972,972,974,975,977,979,981,984,986,987,989,991,994,996,998,1000,1002,1004,1006,1009,1011,1013,1015,1017,1019,1021,1023,1025,1028,1031,1033,1036,1040,1043,1046,1050,1054,1057,1060,1063,1067,1070,1073,1076,1080,1084,1087,1091,1094,1098,1102,1105,1109,1112,1115,1119,1122,1125,1128,1133,1138,1142,1149,1155,1162,1170,1179,1187,1196,1205,1213,1222,1231,1241
394648,"Greensboro, NC",73,971,975,979,983,987,991,995,998,1002,1006,1009,1012,1015,1017,1020,1022,1023,1024,1025,1027,1028,1029,1030,1032,1033,1035,1037,1040,1043,1047,1051,1055,1059,1063,1066,1069,1073,1076,1078,1081,1083,1085,1087,1089,1091,1093,1095,1098,1100,1103,1106,1108,1112,1115,1118,1122,1126,1130,1135,1140,1145,1150,1155,1160,1165,1169,1174,1178,1183,1187,1191,1195,1199,1205,1210,1215,1222,1229,1236,1244,1253,1262,1271,1279,1288,1297,1307,1316,1325
394304,"Akron, OH",74,774,778,783,787,791,795,799,803,807,811,814,817,820,822,824,826,828,830,832,833,835,837,838,840,842,844,846,848,850,852,854,856,858,860,862,864,867,868,870,872,873,874,876,877,879,880,881,883,884,885,886,887,888,889,890,891,892,893,895,896,898,900,903,905,909,912,915,919,922,926,929,933,937,940,944,947,951,955,959,964,970,975,981,986,992,997,1003,1009,1015
753906,"North Port-Sarasota-Bradenton, FL",75,1403,1411,1418,1425,1432,1440,1447,1455,1462,1469,1477,1485,1492,1500,1508,1516,1523,1530,1537,1544,1550,1557,1562,1567,1573,1578,1583,1588,1593,1598,1603,1608,1612,1617,1620,1624,1627,1629,1631,1633,1635,1637,1639,1642,1645,1649,1654,1659,1664,1671,1677,1684,1690,1696,1702,1707,1712,1717,1721,1726,1730,1734,1739,1743,1749,1754,1759,1764,1769,1774,1778,1782,1787,1792,1797,1802,1809,1816,1823,1835,1848,1860,1874,1887,1901,1915,1930,1944,1959
394798,"Little Rock, AR",76,810,810,811,811,812,813,813,814,814,815,816,817,818,819,820,820,822,823,824,825,826,827,827,828,829,830,831,832,833,834,835,836,837,838,840,841,842,843,844,845,846,846,847,848,849,850,851,852,852,854,855,856,857,859,860,862,863,865,867,869,871,872,874,876,877,879,880,882,884,886,888,891,893,896,899,902,906,910,915,920,925,931,937,942,948,954,960,965,971
395134,"Stockton, CA",77,1311,1320,1329,1338,1348,1357,1366,1375,1384,1393,1401,1410,1419,1428,1437,1445,1454,1462,1471,1480,1490,1500,1510,1520,1530,1541,1551,1562,1573,1584,1595,1606,1617,1628,1639,1650,1662,1673,1684,1696,1705,1715,1725,1733,1742,1751,1759,1766,1774,1782,1790,1797,1805,1813,1820,1828,1837,1845,1854,1863,1873,1882,1892,1901,1912,1923,1933,1944,1954,1965,1974,1982,1991,2000,2010,2019,2032,2045,2057,2077,2097,2116,2137,2158,2179,2201,2223,2245,2268
394457,"Charleston, SC",78,1115,1126,1136,1147,1157,1168,1178,1188,1198,1208,1217,1226,1235,1241,1247,1254,1259,1264,1269,1274,1279,1284,1290,1295,1301,1306,1311,1317,1322,1326,1331,1336,1341,1346,1350,1354,1359,1363,1367,1372,1376,1381,1385,1389,1392,1396,1400,1404,1407,1411,1415,1419,1421,1424,1427,1430,1433,1436,1440,1443,1446,1450,1454,1457,1462,1467,1472,1476,1481,1485,1487,1490,1492,1494,1497,1499,1503,1506,1510,1516,1523,1529,1537,1544,1551,1559,1566,1574,1582
395143,"Syracuse, NY",79,846,852,857,862,867,872,876,881,885,890,892,895,898,898,899,899,901,902,904,907,911,914,918,921,925,927,930,933,935,938,940,943,946,949,952,955,958,960,963,966,968,970,972,973,975,976,979,981,983,986,988,990,990,991,992,992,992,992,993,995,996,999,1003,1006,1011,1016,1021,1025,1030,1034,1038,1042,1047,1051,1056,1061,1067,1073,1079,1085,1092,1099,1105,1112,1119,1126,1133,1140,1147
394484,"Colorado Springs, CO",80,993,1001,1009,1017,1025,1033,1041,1049,1056,1064,1071,1078,1086,1091,1097,1102,1107,1113,1118,1123,1129,1135,1142,1148,1155,1162,1169,1176,1183,1189,1196,1203,1210,1216,1223,1229,1236,1242,1249,1255,1261,1268,1274,1281,1287,1294,1300,1305,1311,1317,1322,1327,1332,1337,1342,1347,1353,1358,1364,1369,1375,1381,1388,1394,1401,1408,1415,1421,1427,1433,1439,1444,1449,1456,1462,1469,1476,1483,1490,1501,1511,1522,1533,1544,1555,1567,1578,1590,1601
395235,"Winston-Salem, NC",81,1005,1007,1010,1012,1015,1017,1020,1022,1025,1027,1030,1032,1035,1037,1040,1043,1045,1048,1051,1053,1056,1059,1061,1064,1067,1070,1072,1074,1077,1079,1082,1084,1087,1089,1092,1095,1098,1101,1105,1108,1111,1115,1118,1121,1124,1128,1131,1134,1138,1141,1145,1148,1152,1156,1160,1165,1170,1175,1180,1185,1190,1195,1201,1206,1211,1215,1220,1224,1229,1233,1237,1241,1244,1249,1255,1260,1266,1272,1278,1286,1295,1303,1312,1320,1329,1338,1347,1356,1365
395224,"Wichita, KS",82,,736,739,741,744,746,749,751,753,756,758,759,760,761,761,760,760,760,760,760,761,762,764,765,766,767,768,768,769,770,770,770,770,770,770,771,771,771,772,772,772,773,773,774,775,775,776,777,778,778,780,781,782,783,784,785,786,786,787,788,790,791,792,794,795,797,799,801,803,805,807,809,812,814,816,819,821,823,826,828,832,835,839,842,845,849,852,856,859
395115,"Springfield, MA",83,1200,1205,1209,1213,1217,1221,1226,1229,1233,1237,1240,1243,1246,1248,1251,1253,1256,1259,1261,1265,1268,1271,1275,1279,1283,1287,1291,1295,1298,1301,1305,1307,1309,1312,1314,1315,1317,1320,1323,1326,1329,1333,1337,1341,1346,1350,1354,1357,1361,1365,1368,1372,1375,1378,1382,1385,1388,1391,1395,1400,1404,1408,1412,1416,1421,1425,1430,1434,1439,1443,1447,1450,1453,1456,1459,1462,1467,1471,1475,1482,1490,1497,1505,1512,1519,1527,1535,1543,1551
394440,"Fort Myers, FL",84,1112,1122,1132,1143,1153,1164,1174,1185,1195,1206,1218,1230,1241,1254,1266,1278,1290,1302,1314,1325,1336,1348,1357,1366,1376,1383,1391,1398,1404,1410,1416,1421,1426,1430,1434,1437,1441,1444,1448,1451,1456,1460,1465,1469,1473,1478,1482,1487,1491,1496,1500,1504,1508,1512,1515,1519,1523,1526,1531,1535,1539,1544,1548,1552,1556,1560,1564,1568,1572,1575,1579,1583,1586,1591,1596,1601,1608,1614,1621,1631,1641,1651,1662,1673,1684,1695,1707,1718,1730
394399,"Boise City, ID",85,881,886,891,896,901,905,910,915,920,925,930,934,939,944,948,953,958,963,967,972,977,982,988,993,998,1004,1010,1016,1021,1027,1033,1038,1044,1049,1055,1060,1065,1071,1076,1082,1088,1094,1100,1106,1112,1118,1125,1131,1138,1146,1153,1161,1169,1177,1184,1193,1201,1209,1217,1225,1233,1239,1246,1253,1259,1265,1271,1277,1282,1287,1292,1296,1301,1307,1313,1320,1330,1340,1350,1368,1386,1404,1423,1442,1462,1482,1502,1522,1543
395160,"Toledo, OH",86,774,776,779,782,785,787,790,793,796,799,802,804,807,809,811,812,814,815,817,818,819,819,821,823,824,827,830,833,836,839,842,844,847,849,850,852,854,855,856,858,859,860,862,863,865,867,869,871,874,876,877,879,881,882,884,886,887,889,890,892,893,895,897,899,900,902,903,904,905,906,908,910,912,916,919,922,927,932,937,943,949,954,961,967,973,979,984,990,996
394816,"Madison, WI",87,1107,1110,1112,1115,1117,1120,1123,1126,1129,1132,1136,1140,1144,1148,1151,1155,1159,1163,1167,1171,1175,1179,1182,1186,1189,1192,1195,1198,1201,1204,1206,1208,1210,1213,1215,1217,1219,1221,1224,1227,1229,1231,1234,1236,1238,1239,1241,1243,1245,1246,1248,1250,1253,1256,1259,1262,1266,1269,1273,1276,1280,1283,1285,1288,1291,1294,1296,1299,1302,1305,1308,1311,1313,1316,1319,1321,1325,1328,1331,1335,1339,1343,1347,1350,1354,1358,1362,1366,1371
394766,"Lakeland, FL",88,1034,1038,1041,1044,1048,1052,1055,1059,1062,1066,1070,1075,1079,1083,1088,1092,1096,1100,1104,1108,1113,1117,1122,1127,1132,1137,1142,1147,1152,1158,1163,1167,1172,1177,1181,1185,1189,1193,1197,1201,1205,1210,1215,1220,1225,1231,1238,1244,1251,1258,1265,1273,1280,1287,1294,1301,1308,1315,1320,1325,1331,1336,1341,1346,1351,1356,1361,1365,1370,1375,1380,1386,1391,1398,1404,1410,1417,1425,1432,1441,1451,1460,1469,1479,1489,1499,1509,1519,1529
394931,"Ogden, UT",89,917,924,931,937,944,950,956,963,969,975,980,985,989,993,996,1000,1004,1007,1011,1014,1018,1021,1025,1029,1033,1039,1044,1049,1054,1060,1066,1072,1077,1083,1089,1095,1100,1105,1109,1114,1118,1122,1126,1130,1134,1138,1143,1148,1153,1159,1165,1171,1178,1186,1193,1200,1207,1215,1221,1228,1235,1241,1247,1252,1258,1264,1269,1274,1279,1284,1288,1292,1296,1300,1305,1309,1315,1321,1326,1336,1347,1357,1367,1378,1389,1400,1412,1423,1435
394528,"Daytona Beach, FL",90,977,982,987,992,997,1003,1008,1013,1018,1024,1029,1035,1040,1046,1052,1058,1064,1070,1076,1082,1087,1093,1098,1104,1110,1116,1122,1128,1133,1139,1145,1150,1155,1161,1166,1172,1178,1184,1190,1196,1202,1208,1213,1220,1226,1232,1238,1244,1250,1256,1261,1266,1272,1278,1283,1289,1295,1301,1306,1311,1317,1321,1326,1331,1336,1341,1346,1350,1355,1360,1365,1370,1375,1380,1385,1391,1397,1404,1410,1420,1430,1440,1451,1461,1472,1482,1493,1504,1516
394531,"Des Moines, IA",91,1012,1018,1025,1031,1037,1043,1049,1055,1061,1067,1071,1075,1079,1080,1081,1082,1082,1082,1082,1083,1083,1083,1084,1085,1086,1087,1089,1091,1092,1094,1096,1098,1100,1102,1104,1105,1107,1109,1110,1112,1112,1113,1114,1114,1114,1114,1115,1116,1117,1118,1120,1121,1123,1124,1126,1128,1129,1130,1131,1132,1132,1134,1135,1136,1139,1141,1144,1146,1148,1151,1153,1155,1156,1158,1160,1162,1164,1166,1167,1170,1172,1174,1177,1179,1181,1184,1186,1189,1191
394711,"Jackson, MS",92,1079,1086,1093,1101,1107,1113,1120,1126,1133,1139,1143,1147,1151,1153,1154,1155,1157,1160,1162,1165,1169,1172,1174,1177,1179,1181,1183,1184,1185,1186,1187,1187,1187,1187,1188,1188,1189,1189,1190,1191,1192,1192,1193,1195,1196,1198,1199,1200,1201,1201,1202,1203,1203,1204,1205,1206,1207,1207,1209,1210,1212,1213,1215,1217,1218,1220,1222,1224,1227,1229,1232,1234,1236,1239,1242,1245,1248,1251,1255,1258,1262,1265,1270,1274,1278,1282,1286,1291,1295
395245,"Youngstown, OH",93,,585,587,588,590,591,593,594,595,596,598,598,599,600,601,601,602,602,602,603,603,604,604,605,606,608,609,610,612,613,615,616,618,620,622,624,625,627,628,629,631,631,632,633,633,634,635,636,637,638,640,642,644,647,649,652,654,657,659,661,663,665,666,666,667,668,669,670,671,673,674,676,679,681,684,688,691,695,699,703,708,713,718,722,727,732,737,741,746
394352,"Augusta, GA",94,,909,911,912,913,914,916,917,918,919,921,922,924,926,928,930,932,934,935,937,939,941,943,945,947,949,951,952,954,956,958,959,961,963,964,966,968,970,973,975,978,980,983,985,988,991,993,996,998,1000,1002,1005,1007,1009,1011,1013,1016,1019,1022,1025,1028,1032,1036,1040,1044,1048,1051,1055,1058,1062,1065,1069,1073,1077,1083,1088,1094,1101,1107,1114,1122,1130,1138,1146,1154,1162,1170,1178,1186
395075,"Scranton, PA",95,622,631,,,,669,677,686,695,704,710,717,723,725,727,728,730,732,734,736,739,741,743,745,747,749,751,754,756,758,761,764,768,771,774,777,780,783,786,789,792,794,796,797,799,800,801,803,804,806,808,809,812,815,818,823,828,832,836,840,,,851,855,859,862,866,868,871,874,877,881,884,888,892,896,901,905,910,915,920,926,931,937,943,949,955,961,967
394666,"Harrisburg, PA",96,964,964,964,963,963,963,963,964,964,964,966,968,970,974,977,980,984,987,990,993,996,998,1001,1003,1006,1008,1011,1014,1016,1017,1019,1021,1022,1023,1024,1025,1025,1026,1027,1028,1029,1030,1032,1033,1035,1036,1039,1041,1043,1046,1049,1052,1056,1061,1065,1069,1074,1078,1082,1086,1090,1093,1096,1099,1102,1105,1107,1109,1111,1114,1116,1118,1120,1122,1125,1127,1131,1134,1138,1144,1150,1156,1163,1170,1176,1183,1190,1197,1204
394957,"Melbourne, FL",97,974,979,984,990,995,1000,1006,1011,1017,1022,1029,1035,1041,1048,1056,1063,1070,1077,1084,1090,1097,1104,1111,1118,1125,1132,1139,1147,1154,1162,1170,1177,1185,1192,1199,1206,1213,1220,1227,1233,1240,1247,1254,1261,1268,1275,1283,1290,1298,1306,1314,1321,1328,1336,1343,1349,1355,1361,1366,1370,1375,1379,1383,1386,1390,1395,1399,1404,1409,1414,1419,1424,1430,1436,1442,1448,1455,1462,1470,1480,1490,1499,1510,1521,1532,1543,1554,1566,1577
394460,"Chattanooga, TN",98,897,,,927,937,947,957,966,976,985,992,1000,1007,1011,1014,1018,1021,1024,1027,1030,1034,1038,1042,1047,1051,1056,1061,1066,1071,1075,1080,1081,1082,1084,1083,1083,1083,1084,1085,1086,1087,1089,1091,1095,1099,1103,1108,1113,1118,1122,1127,1132,1137,1142,1148,1152,1157,1161,1165,1169,1173,1176,1180,1183,1186,1189,1192,1195,1198,1202,1206,1210,1214,1219,1225,1230,1236,1241,1247,1254,1261,1269,1277,1285,1293,1301,1309,1317,1326
395113,"Spokane, WA",99,876,878,879,880,882,884,886,888,890,892,895,898,902,906,911,916,921,926,931,935,939,944,947,951,954,958,963,967,972,976,981,985,989,993,997,1001,1005,1010,1015,1020,1025,1030,1035,1041,1047,1053,1059,1065,1071,1076,1082,1087,1092,1098,1103,1109,1114,1120,1125,1131,1137,1143,1148,1154,1159,1164,1168,1174,1179,1184,1189,1194,1199,1205,1211,1217,1226,1235,1243,1256,1269,1281,1295,1309,1322,1336,1350,1364,1378
395006,"Provo, UT",100,986,992,998,1004,1010,1016,1022,1028,1034,1039,1045,1050,1055,1059,1063,1068,1073,1077,1082,1087,1091,1096,1101,1106,1111,1117,1123,1129,1133,1138,1142,1147,1152,1157,1162,1167,1172,1176,1180,1185,1189,1193,1197,1201,1206,1210,1214,1219,1223,1228,1232,1236,1241,1246,1250,1254,1258,1262,1266,1269,1273,1276,1280,1284,1287,1290,1293,1295,1298,1300,1303,1305,1307,1310,1313,1315,1321,1326,1331,1342,1352,1363,1374,1385,1396,1407,1419,1431,1443
394549,"Durham, NC",104,1155,1157,1159,1160,1162,1163,1165,1166,1168,1170,1172,1174,1176,1179,1182,1185,1190,1194,1198,1204,1209,1215,1220,1224,1229,1234,1239,1243,1248,1253,1258,1262,1265,1269,1271,1274,1277,1279,1281,1284,1285,1287,1288,1290,1293,1295,1298,1301,1304,1308,1311,1315,1319,1323,1327,1332,1337,1342,1347,1352,1357,1363,1368,1373,1378,1383,1388,1391,1394,1397,1398,1399,1400,1400,1401,1402,1404,1406,1408,1412,1417,1421,1425,1430,1434,1439,1444,1449,1454
394995,"Port St. Lucie, FL",119,1163,1172,1182,1191,1201,1210,1219,1228,1237,1246,1253,1261,1268,1273,1278,1283,1288,1293,1298,1305,1312,1318,1327,1335,1344,1352,1361,1369,1376,1382,1389,1394,1399,1405,1410,1416,1421,1428,1434,1440,1447,1454,1460,1467,1475,1482,1489,1496,1504,1512,1519,1527,1535,1543,1550,1556,1562,1568,1572,1576,1580,1583,1586,1590,1595,1600,1605,1613,1620,1627,1635,1642,1650,1658,1667,1676,1686,1697,1707,1721,1735,1750,1764,1779,1794,1810,1826,1841,1857
394602,"Fort Collins, CO",159,1133,1148,1163,1178,1193,1207,1222,1236,1250,1264,1276,1288,1300,1308,1317,1325,1332,1338,1345,1351,1357,1363,1369,1374,1380,1384,1388,1392,1394,1397,1399,1402,1404,1407,1409,1410,1412,1415,1417,1419,1422,1425,1427,1430,1433,1436,1440,1444,1448,1452,1456,1461,1466,1470,1475,1480,1485,1490,1494,1498,1502,1506,1510,1514,1517,1521,1525,1528,1531,1533,1536,1538,1540,1542,1544,1546,1549,1552,1554,1560,1565,1570,1576,1581,1587,1593,1599,1605,1612
394405,"Boulder, CO",162,1437,1449,1462,1474,1486,1498,1510,1523,1535,1547,1559,1571,1584,1594,1605,1616,1627,1639,1650,1660,1670,1681,1689,1696,1704,1709,1715,1720,1723,1726,1729,1731,1733,1735,1738,1741,1744,1748,1752,1756,1761,1766,1771,1776,1780,1785,1791,1796,1802,1808,1814,1820,1825,1830,1835,1841,1846,1851,1856,1861,1866,1871,1875,1880,1885,1891,1896,1900,1905,1909,1911,1912,1914,1915,1917,1918,1921,1924,1927,1935,1944,1952,1961,1970,1979,1989,1998,2008,2018
394645,"Greeley, CO",177,1182,1194,1207,1219,1231,1244,1256,1268,1280,1292,1305,1318,1332,1341,1351,1360,1367,1375,1382,1388,1394,1400,1406,1412,1417,1422,1426,1431,1434,1438,1441,1445,1449,1452,1457,1461,1465,1471,1477,1482,1489,1495,1501,1508,1515,1521,1528,1535,1541,1547,1553,1559,1565,1571,1577,1583,1589,1596,1601,1607,1612,1618,1623,1628,1632,1637,1641,1644,1647,1651,1653,1655,1658,1661,1665,1668,1673,1677,1682,1689,1696,1702,1710,1717,1724,1731,1739,1746,1754
394623,"Gainesville, GA",229,926,929,932,936,939,943,946,950,954,958,963,968,973,980,987,994,1000,1007,1013,1018,1023,1028,1033,1039,1044,1050,1057,1063,1069,1076,1083,1089,1095,1102,1108,1114,1120,1125,1130,1135,1139,1144,1148,1153,1157,1162,1165,1169,1173,1177,1181,1184,1191,1197,1204,1211,1219,1226,1234,1241,1249,1256,1264,1271,1278,1285,1291,1297,1302,1307,1311,1314,1318,1322,1327,1331,1337,1343,1349,1360,1372,1384,1397,1410,1424,1438,1452,1465,
